{
    "items": [
        {
            "Name": "ゲームシステム",
            "TextColor": {
                "r": 1.0,
                "g": 0.971616268157959,
                "b": 0.46603769063949587,
                "a": 1.0
            },
            "FontSize": 12,
            "FontStyle": 1,
            "ImageColor": {
                "r": 1.0,
                "g": 0.9808765649795532,
                "b": 0.4886792302131653,
                "a": 1.0
            },
            "ImageType": 0
        },
        {
            "Name": "カメラシステム",
            "TextColor": {
                "r": 1.0,
                "g": 0.971616268157959,
                "b": 0.46603769063949587,
                "a": 1.0
            },
            "FontSize": 12,
            "FontStyle": 1,
            "ImageColor": {
                "r": 1.0,
                "g": 0.9808765649795532,
                "b": 0.4886792302131653,
                "a": 1.0
            },
            "ImageType": 0
        },
        {
            "Name": "ゲーム用オブジェクト",
            "TextColor": {
                "r": 1.0,
                "g": 0.971616268157959,
                "b": 0.46603769063949587,
                "a": 1.0
            },
            "FontSize": 12,
            "FontStyle": 1,
            "ImageColor": {
                "r": 1.0,
                "g": 0.9808765649795532,
                "b": 0.4886792302131653,
                "a": 1.0
            },
            "ImageType": 0
        },
        {
            "Name": "環境システム",
            "TextColor": {
                "r": 1.0,
                "g": 0.971616268157959,
                "b": 0.46603769063949587,
                "a": 1.0
            },
            "FontSize": 12,
            "FontStyle": 1,
            "ImageColor": {
                "r": 1.0,
                "g": 0.9808765649795532,
                "b": 0.4886792302131653,
                "a": 1.0
            },
            "ImageType": 0
        }
    ]
}